Workbook
Name Dynamiclist: 'Change Request Form'!#REF!:INDEX('Change Request Form'!#REF!,COUNTA('Change Request Form'!#REF!))
Name DynamicListHelper: 'Change Request Form'!#REF!:INDEX('Change Request Form'!#REF!,COUNTA('Change Request Form'!#REF!))
Name FilteredProductNames: 'Change Request Form'!#REF!:'Change Request Form'!#REF!
Name Filterproductnames: 'Change Request Form'!#REF!:'Change Request Form'!#REF!
Name ProductNames: #REF!

Sheet Change Request Form
B6: Change Request for AIM Order Proposals
B8: Please provide the type of change (increase or decrease) to the order proposal, the Restaurant's Current Stock On Hand (in cartons) and the reason for the requested change (from the below options) . You do not need to provide the quantity that the order will be adjusted by, this will be determined by the Restaurant Plannner after reviewing the information you provide below.
B9: Please note: Changes to QTYs of Ops Supplies are not permitted in this form. If ‘Specials’ are required prior to your next Order Proposal, to replenish Manual Items and Ops Supplies, then the Restaurant is accountable for the cost.
B10: Reason for Change
B11: Stock On Hand Variance
B12: Manual Items
B13: Safety Stock
B14: Shelf Life
B15: Usage
B18: Change Request - EXAMPLE AMENDMENT (Below example uses NSW WRINs)
B19: WRIN NUMBER | C19: DESCRIPTION | E19: Reduction Type | F19: Stock On Hand | G19: Select Reason for Change | H19: COMMENT
B20: 11267 | C20: SHAKE MIX 10L NSW | E20: Increase | F20: 4 | G20: Stock On Hand Variance
B21: 6147 | C21: BEEF 4:1 DBL LINER A | E21: Increase | F21: 7.5 | G21: Usage
B24: Submit this form by 8am (AEST), the day after you receive your Order Proposal
C25: RESTAURANT:
C26: RESTAURANT NO:
C27: MANAGERS NAME:
C28: DATE/TIME:
C29: DELIVERY DATE:
I30: Internal Use Only
B31: WRIN NUMBER | C31: DESCRIPTION | E31: Reduction Type | F31: Stock On Hand | G31: Select Reason for Change | H31: COMMENT | I31: Add | J31: Cut | K31: Restaurant Action/Feedback for Restaurant
B32: 112085 | C32: BACON RASHER | N32: Item Look Up
N33: Type part of the product name in yellow box below then press enter
N34: bag
N36: Wrin | O36: Product
N37: {=IFERROR(INDEX('Product List'!$A$2:$A$1002,MATCH(0,IF(1='Product List'!$C$2:$C$1002,COUNTIF('Change Request Form'!$N$36:$N36,'Product List'!$A$2:$A$1002),""),0)),"")} -> 15263011 | O37: =IFERROR(IF(VLOOKUP(N37,'Product List'!A:D,4,FALSE)=1,VLOOKUP(N37,'Product List'!A:B,2,FALSE)&"***",VLOOKUP(N37,'Product List'!A:B,2,FALSE)),"") -> BAG B
N38: {=IFERROR(INDEX('Product List'!$A$2:$A$1002,MATCH(0,IF(1='Product List'!$C$2:$C$1002,COUNTIF('Change Request Form'!$N$36:$N37,'Product List'!$A$2:$A$1002),""),0)),"")} -> 15263000 | O38: =IFERROR(IF(VLOOKUP(N38,'Product List'!A:D,4,FALSE)=1,VLOOKUP(N38,'Product List'!A:B,2,FALSE)&"***",VLOOKUP(N38,'Product List'!A:B,2,FALSE)),"") -> BAG B
N39: {=IFERROR(INDEX('Product List'!$A$2:$A$1002,MATCH(0,IF(1='Product List'!$C$2:$C$1002,COUNTIF('Change Request Form'!$N$36:$N38,'Product List'!$A$2:$A$1002),""),0)),"")} -> 141571 | O39: =IFERROR(IF(VLOOKUP(N39,'Product List'!A:D,4,FALSE)=1,VLOOKUP(N39,'Product List'!A:B,2,FALSE)&"***",VLOOKUP(N39,'Product List'!A:B,2,FALSE)),"") -> BAG BREAKFAST NO 16
N40: {=IFERROR(INDEX('Product List'!$A$2:$A$1002,MATCH(0,IF(1='Product List'!$C$2:$C$1002,COUNTIF('Change Request Form'!$N$36:$N39,'Product List'!$A$2:$A$1002),""),0)),"")} -> 141368 | O40: =IFERROR(IF(VLOOKUP(N40,'Product List'!A:D,4,FALSE)=1,VLOOKUP(N40,'Product List'!A:B,2,FALSE)&"***",VLOOKUP(N40,'Product List'!A:B,2,FALSE)),"") -> BAG BREAKFAST NO 16
N41: {=IFERROR(INDEX('Product List'!$A$2:$A$1002,MATCH(0,IF(1='Product List'!$C$2:$C$1002,COUNTIF('Change Request Form'!$N$36:$N40,'Product List'!$A$2:$A$1002),""),0)),"")} -> 127941 | O41: =IFERROR(IF(VLOOKUP(N41,'Product List'!A:D,4,FALSE)=1,VLOOKUP(N41,'Product List'!A:B,2,FALSE)&"***",VLOOKUP(N41,'Product List'!A:B,2,FALSE)),"") -> BAG FRIES SMALL***
N42: {=IFERROR(INDEX('Product List'!$A$2:$A$1002,MATCH(0,IF(1='Product List'!$C$2:$C$1002,COUNTIF('Change Request Form'!$N$36:$N41,'Product List'!$A$2:$A$1002),""),0)),"")} -> 5429611 | O42: =IFERROR(IF(VLOOKUP(N42,'Product List'!A:D,4,FALSE)=1,VLOOKUP(N42,'Product List'!A:B,2,FALSE)&"***",VLOOKUP(N42,'Product List'!A:B,2,FALSE)),"") -> BAG GENERIC SNACK***
N43: {=IFERROR(INDEX('Product List'!$A$2:$A$1002,MATCH(0,IF(1='Product List'!$C$2:$C$1002,COUNTIF('Change Request Form'!$N$36:$N42,'Product List'!$A$2:$A$1002),""),0)),"")} -> 5429684 | O43: =IFERROR(IF(VLOOKUP(N43,'Product List'!A:D,4,FALSE)=1,VLOOKUP(N43,'Product List'!A:B,2,FALSE)&"***",VLOOKUP(N43,'Product List'!A:B,2,FALSE)),"") -> BAG HASH BROWN***
N44: {=IFERROR(INDEX('Product List'!$A$2:$A$1002,MATCH(0,IF(1='Product List'!$C$2:$C$1002,COUNTIF('Change Request Form'!$N$36:$N43,'Product List'!$A$2:$A$1002),""),0)),"")} -> 5429612 | O44: =IFERROR(IF(VLOOKUP(N44,'Product List'!A:D,4,FALSE)=1,VLOOKUP(N44,'Product List'!A:B,2,FALSE)&"***",VLOOKUP(N44,'Product List'!A:B,2,FALSE)),"") -> BAG HASH BROWN***
N45: {=IFERROR(INDEX('Product List'!$A$2:$A$1002,MATCH(0,IF(1='Product List'!$C$2:$C$1002,COUNTIF('Change Request Form'!$N$36:$N44,'Product List'!$A$2:$A$1002),""),0)),"")} -> 3723350 | O45: =IFERROR(IF(VLOOKUP(N45,'Product List'!A:D,4,FALSE)=1,VLOOKUP(N45,'Product List'!A:B,2,FALSE)&"***",VLOOKUP(N45,'Product List'!A:B,2,FALSE)),"") -> BAG McNUGGET 3 PCE***
N46: {=IFERROR(INDEX('Product List'!$A$2:$A$1002,MATCH(0,IF(1='Product List'!$C$2:$C$1002,COUNTIF('Change Request Form'!$N$36:$N45,'Product List'!$A$2:$A$1002),""),0)),"")} -> 141572 | O46: =IFERROR(IF(VLOOKUP(N46,'Product List'!A:D,4,FALSE)=1,VLOOKUP(N46,'Product List'!A:B,2,FALSE)&"***",VLOOKUP(N46,'Product List'!A:B,2,FALSE)),"") -> BAG MDS D BAG
N47: {=IFERROR(INDEX('Product List'!$A$2:$A$1002,MATCH(0,IF(1='Product List'!$C$2:$C$1002,COUNTIF('Change Request Form'!$N$36:$N46,'Product List'!$A$2:$A$1002),""),0)),"")} -> 141542 | O47: =IFERROR(IF(VLOOKUP(N47,'Product List'!A:D,4,FALSE)=1,VLOOKUP(N47,'Product List'!A:B,2,FALSE)&"***",VLOOKUP(N47,'Product List'!A:B,2,FALSE)),"") -> BAG MDS D BAG
N48: {=IFERROR(INDEX('Product List'!$A$2:$A$1002,MATCH(0,IF(1='Product List'!$C$2:$C$1002,COUNTIF('Change Request Form'!$N$36:$N47,'Product List'!$A$2:$A$1002),""),0)),"")} -> 141574 | O48: =IFERROR(IF(VLOOKUP(N48,'Product List'!A:D,4,FALSE)=1,VLOOKUP(N48,'Product List'!A:B,2,FALSE)&"***",VLOOKUP(N48,'Product List'!A:B,2,FALSE)),"") -> BAG MDS D BAG
... N97: {=IFERROR(INDEX('Product List'!$A$2:$A$1002,MATCH(0,IF(1='Product List'!$C$2:$C$1002,COUNTIF('Change Request Form'!$N$36:$N96,'Product List'!$A$2:$A$1002),""),0)),"")} | O97: =IFERROR(IF(VLOOKUP(N97,'Product List'!A:D,4,FALSE)=1,VLOOKUP(N97,'Product List'!A:B,2,FALSE)&"***",VLOOKUP(N97,'Product List'!A:B,2,FALSE)),"")
C98: x | H98: Total | I98: =SUM(I32:I97) -> 0 | J98: =SUM(J32:J97) -> 0 | N98: {=IFERROR(INDEX('Product List'!$A$2:$A$1002,MATCH(0,IF(1='Product List'!$C$2:$C$1002,COUNTIF('Change Request Form'!$N$36:$N97,'Product List'!$A$2:$A$1002),""),0)),"")} | O98: =IFERROR(IF(VLOOKUP(N98,'Product List'!A:D,4,FALSE)=1,VLOOKUP(N98,'Product List'!A:B,2,FALSE)&"***",VLOOKUP(N98,'Product List'!A:B,2,FALSE)),"")
B99: If you have any questions, please contact your Restaurant Planner. | N99: {=IFERROR(INDEX('Product List'!$A$2:$A$1002,MATCH(0,IF(1='Product List'!$C$2:$C$1002,COUNTIF('Change Request Form'!$N$36:$N98,'Product List'!$A$2:$A$1002),""),0)),"")} | O99: =IFERROR(IF(VLOOKUP(N99,'Product List'!A:D,4,FALSE)=1,VLOOKUP(N99,'Product List'!A:B,2,FALSE)&"***",VLOOKUP(N99,'Product List'!A:B,2,FALSE)),"")
N100: {=IFERROR(INDEX('Product List'!$A$2:$A$1002,MATCH(0,IF(1='Product List'!$C$2:$C$1002,COUNTIF('Change Request Form'!$N$36:$N99,'Product List'!$A$2:$A$1002),""),0)),"")} | O100: =IFERROR(IF(VLOOKUP(N100,'Product List'!A:D,4,FALSE)=1,VLOOKUP(N100,'Product List'!A:B,2,FALSE)&"***",VLOOKUP(N100,'Product List'!A:B,2,FALSE)),"")
B101: Version 1.3 - 14 August 2023 | N101: {=IFERROR(INDEX('Product List'!$A$2:$A$1002,MATCH(0,IF(1='Product List'!$C$2:$C$1002,COUNTIF('Change Request Form'!$N$36:$N100,'Product List'!$A$2:$A$1002),""),0)),"")} | O101: =IFERROR(IF(VLOOKUP(N101,'Product List'!A:D,4,FALSE)=1,VLOOKUP(N101,'Product List'!A:B,2,FALSE)&"***",VLOOKUP(N101,'Product List'!A:B,2,FALSE)),"")
N102: {=IFERROR(INDEX('Product List'!$A$2:$A$1002,MATCH(0,IF(1='Product List'!$C$2:$C$1002,COUNTIF('Change Request Form'!$N$36:$N101,'Product List'!$A$2:$A$1002),""),0)),"")} | O102: =IFERROR(IF(VLOOKUP(N102,'Product List'!A:D,4,FALSE)=1,VLOOKUP(N102,'Product List'!A:B,2,FALSE)&"***",VLOOKUP(N102,'Product List'!A:B,2,FALSE)),"")
N103: {=IFERROR(INDEX('Product List'!$A$2:$A$1002,MATCH(0,IF(1='Product List'!$C$2:$C$1002,COUNTIF('Change Request Form'!$N$36:$N102,'Product List'!$A$2:$A$1002),""),0)),"")} | O103: =IFERROR(IF(VLOOKUP(N103,'Product List'!A:D,4,FALSE)=1,VLOOKUP(N103,'Product List'!A:B,2,FALSE)&"***",VLOOKUP(N103,'Product List'!A:B,2,FALSE)),"")
N104: {=IFERROR(INDEX('Product List'!$A$2:$A$1002,MATCH(0,IF(1='Product List'!$C$2:$C$1002,COUNTIF('Change Request Form'!$N$36:$N103,'Product List'!$A$2:$A$1002),""),0)),"")} | O104: =IFERROR(IF(VLOOKUP(N104,'Product List'!A:D,4,FALSE)=1,VLOOKUP(N104,'Product List'!A:B,2,FALSE)&"***",VLOOKUP(N104,'Product List'!A:B,2,FALSE)),"")
N105: {=IFERROR(INDEX('Product List'!$A$2:$A$1002,MATCH(0,IF(1='Product List'!$C$2:$C$1002,COUNTIF('Change Request Form'!$N$36:$N104,'Product List'!$A$2:$A$1002),""),0)),"")} | O105: =IFERROR(IF(VLOOKUP(N105,'Product List'!A:D,4,FALSE)=1,VLOOKUP(N105,'Product List'!A:B,2,FALSE)&"***",VLOOKUP(N105,'Product List'!A:B,2,FALSE)),"")
N106: {=IFERROR(INDEX('Product List'!$A$2:$A$1002,MATCH(0,IF(1='Product List'!$C$2:$C$1002,COUNTIF('Change Request Form'!$N$36:$N105,'Product List'!$A$2:$A$1002),""),0)),"")} | O106: =IFERROR(IF(VLOOKUP(N106,'Product List'!A:D,4,FALSE)=1,VLOOKUP(N106,'Product List'!A:B,2,FALSE)&"***",VLOOKUP(N106,'Product List'!A:B,2,FALSE)),"")
N107: {=IFERROR(INDEX('Product List'!$A$2:$A$1002,MATCH(0,IF(1='Product List'!$C$2:$C$1002,COUNTIF('Change Request Form'!$N$36:$N106,'Product List'!$A$2:$A$1002),""),0)),"")} | O107: =IFERROR(IF(VLOOKUP(N107,'Product List'!A:D,4,FALSE)=1,VLOOKUP(N107,'Product List'!A:B,2,FALSE)&"***",VLOOKUP(N107,'Product List'!A:B,2,FALSE)),"")
N108: {=IFERROR(INDEX('Product List'!$A$2:$A$1002,MATCH(0,IF(1='Product List'!$C$2:$C$1002,COUNTIF('Change Request Form'!$N$36:$N107,'Product List'!$A$2:$A$1002),""),0)),"")} | O108: =IFERROR(IF(VLOOKUP(N108,'Product List'!A:D,4,FALSE)=1,VLOOKUP(N108,'Product List'!A:B,2,FALSE)&"***",VLOOKUP(N108,'Product List'!A:B,2,FALSE)),"")
N109: {=IFERROR(INDEX('Product List'!$A$2:$A$1002,MATCH(0,IF(1='Product List'!$C$2:$C$1002,COUNTIF('Change Request Form'!$N$36:$N108,'Product List'!$A$2:$A$1002),""),0)),"")} | O109: =IFERROR(IF(VLOOKUP(N109,'Product List'!A:D,4,FALSE)=1,VLOOKUP(N109,'Product List'!A:B,2,FALSE)&"***",VLOOKUP(N109,'Product List'!A:B,2,FALSE)),"")
N110: {=IFERROR(INDEX('Product List'!$A$2:$A$1002,MATCH(0,IF(1='Product List'!$C$2:$C$1002,COUNTIF('Change Request Form'!$N$36:$N109,'Product List'!$A$2:$A$1002),""),0)),"")} | O110: =IFERROR(IF(VLOOKUP(N110,'Product List'!A:D,4,FALSE)=1,VLOOKUP(N110,'Product List'!A:B,2,FALSE)&"***",VLOOKUP(N110,'Product List'!A:B,2,FALSE)),"")
N111: {=IFERROR(INDEX('Product List'!$A$2:$A$1002,MATCH(0,IF(1='Product List'!$C$2:$C$1002,COUNTIF('Change Request Form'!$N$36:$N110,'Product List'!$A$2:$A$1002),""),0)),"")} | O111: =IFERROR(IF(VLOOKUP(N111,'Product List'!A:D,4,FALSE)=1,VLOOKUP(N111,'Product List'!A:B,2,FALSE)&"***",VLOOKUP(N111,'Product List'!A:B,2,FALSE)),"")
N112: {=IFERROR(INDEX('Product List'!$A$2:$A$1002,MATCH(0,IF(1='Product List'!$C$2:$C$1002,COUNTIF('Change Request Form'!$N$36:$N111,'Product List'!$A$2:$A$1002),""),0)),"")} | O112: =IFERROR(IF(VLOOKUP(N112,'Product List'!A:D,4,FALSE)=1,VLOOKUP(N112,'Product List'!A:B,2,FALSE)&"***",VLOOKUP(N112,'Product List'!A:B,2,FALSE)),"")
N113: {=IFERROR(INDEX('Product List'!$A$2:$A$1002,MATCH(0,IF(1='Product List'!$C$2:$C$1002,COUNTIF('Change Request Form'!$N$36:$N112,'Product List'!$A$2:$A$1002),""),0)),"")} | O113: =IFERROR(IF(VLOOKUP(N113,'Product List'!A:D,4,FALSE)=1,VLOOKUP(N113,'Product List'!A:B,2,FALSE)&"***",VLOOKUP(N113,'Product List'!A:B,2,FALSE)),"")
AWB150984: :P

Sheet Product List
A1: Wrin | B1: Product Name | C1: search match | D1: 1 cut | G1: Increase
A2: 8549021 | B2: APPLE SLICES | C2: =IF('Change Request Form'!$N$34="",0,COUNTIF(B2,"*"&'Change Request Form'!$N$34&"*")) -> 0 | G2: Decrease
A3: 112085 | B3: BACON RASHER | C3: =IF('Change Request Form'!$N$34="",0,COUNTIF(B3,"*"&'Change Request Form'!$N$34&"*")) -> 0
A4: 15263011 | B4: BAG B | C4: =IF('Change Request Form'!$N$34="",0,COUNTIF(B4,"*"&'Change Request Form'!$N$34&"*")) -> 1
A5: 15263000 | B5: BAG B | C5: =IF('Change Request Form'!$N$34="",0,COUNTIF(B5,"*"&'Change Request Form'!$N$34&"*")) -> 1
A6: 141571 | B6: BAG BREAKFAST NO 16 | C6: =IF('Change Request Form'!$N$34="",0,COUNTIF(B6,"*"&'Change Request Form'!$N$34&"*")) -> 1
A7: 141368 | B7: BAG BREAKFAST NO 16 | C7: =IF('Change Request Form'!$N$34="",0,COUNTIF(B7,"*"&'Change Request Form'!$N$34&"*")) -> 1
A8: 127941 | B8: BAG FRIES SMALL | C8: =IF('Change Request Form'!$N$34="",0,COUNTIF(B8,"*"&'Change Request Form'!$N$34&"*")) -> 1 | D8: 1
A9: 5429611 | B9: BAG GENERIC SNACK | C9: =IF('Change Request Form'!$N$34="",0,COUNTIF(B9,"*"&'Change Request Form'!$N$34&"*")) -> 1 | D9: 1
A10: 5429684 | B10: BAG HASH BROWN | C10: =IF('Change Request Form'!$N$34="",0,COUNTIF(B10,"*"&'Change Request Form'!$N$34&"*")) -> 1 | D10: 1
A11: 5429612 | B11: BAG HASH BROWN | C11: =IF('Change Request Form'!$N$34="",0,COUNTIF(B11,"*"&'Change Request Form'!$N$34&"*")) -> 1 | D11: 1
A12: 3723350 | B12: BAG McNUGGET 3 PCE | C12: =IF('Change Request Form'!$N$34="",0,COUNTIF(B12,"*"&'Change Request Form'!$N$34&"*")) -> 1 | D12: 1
A13: 141572 | B13: BAG MDS D BAG | C13: =IF('Change Request Form'!$N$34="",0,COUNTIF(B13,"*"&'Change Request Form'!$N$34&"*")) -> 1
A14: 141542 | B14: BAG MDS D BAG | C14: =IF('Change Request Form'!$N$34="",0,COUNTIF(B14,"*"&'Change Request Form'!$N$34&"*")) -> 1
A15: 141574 | B15: BAG MDS D BAG | C15: =IF('Change Request Form'!$N$34="",0,COUNTIF(B15,"*"&'Change Request Form'!$N$34&"*")) -> 1
A16: 141538 | B16: BAG MDS D BAG | C16: =IF('Change Request Form'!$N$34="",0,COUNTIF(B16,"*"&'Change Request Form'!$N$34&"*")) -> 1
A17: 14205004 | B17: BAG NO 4 | C17: =IF('Change Request Form'!$N$34="",0,COUNTIF(B17,"*"&'Change Request Form'!$N$34&"*")) -> 1
A18: 6145075 | B18: BAG NO 4 | C18: =IF('Change Request Form'!$N$34="",0,COUNTIF(B18,"*"&'Change Request Form'!$N$34&"*")) -> 1
A19: 6723080 | B19: BAG ONION RINGS | C19: =IF('Change Request Form'!$N$34="",0,COUNTIF(B19,"*"&'Change Request Form'!$N$34&"*")) -> 1
A20: 6723100 | B20: BAG ONION RINGS | C20: =IF('Change Request Form'!$N$34="",0,COUNTIF(B20,"*"&'Change Request Form'!$N$34&"*")) -> 1
A21: 12142001 | B21: BAG PASTRY UNPRINTED B987P0330 | C21: =IF('Change Request Form'!$N$34="",0,COUNTIF(B21,"*"&'Change Request Form'!$N$34&"*")) -> 1
A22: 6358100 | B22: BAG PINEAPPLE FRITTER | C22: =IF('Change Request Form'!$N$34="",0,COUNTIF(B22,"*"&'Change Request Form'!$N$34&"*")) -> 1 | D22: 1
A23: 258102 | B23: BASE BREAKFAST | C23: =IF('Change Request Form'!$N$34="",0,COUNTIF(B23,"*"&'Change Request Form'!$N$34&"*")) -> 0
A24: 5059 | B24: BEEF PATTIES 10:1 | C24: =IF('Change Request Form'!$N$34="",0,COUNTIF(B24,"*"&'Change Request Form'!$N$34&"*")) -> 0
A25: 5399 | B25: BEEF PATTIES 10:1 | C25: =IF('Change Request Form'!$N$34="",0,COUNTIF(B25,"*"&'Change Request Form'!$N$34&"*")) -> 0
A26: 5052 | B26: BEEF PATTIES 10:1 | C26: =IF('Change Request Form'!$N$34="",0,COUNTIF(B26,"*"&'Change Request Form'!$N$34&"*")) -> 0
A27: 5875066 | B27: BEEF PATTIES 3:1 | C27: =IF('Change Request Form'!$N$34="",0,COUNTIF(B27,"*"&'Change Request Form'!$N$34&"*")) -> 0
A28: 5875100 | B28: BEEF PATTIES 3:1 | C28: =IF('Change Request Form'!$N$34="",0,COUNTIF(B28,"*"&'Change Request Form'!$N$34&"*")) -> 0
A29: 5875021 | B29: BEEF PATTIES 3:1 | C29: =IF('Change Request Form'!$N$34="",0,COUNTIF(B29,"*"&'Change Request Form'!$N$34&"*")) -> 0
A30: 6085 | B30: BEEF PATTIES 4:1 | C30: =IF('Change Request Form'!$N$34="",0,COUNTIF(B30,"*"&'Change Request Form'!$N$34&"*")) -> 0
A31: 6291 | B31: BEEF PATTIES 4:1 | C31: =IF('Change Request Form'!$N$34="",0,COUNTIF(B31,"*"&'Change Request Form'!$N$34&"*")) -> 0
A32: 6147 | B32: BEEF PATTIES 4:1 | C32: =IF('Change Request Form'!$N$34="",0,COUNTIF(B32,"*"&'Change Request Form'!$N$34&"*")) -> 0
A33: 6766046 | B33: BEEF SAUSAGE PATTIES | C33: =IF('Change Request Form'!$N$34="",0,COUNTIF(B33,"*"&'Change Request Form'!$N$34&"*")) -> 0
A34: 6766043 | B34: BEEF SAUSAGE PATTIES | C34: =IF('Change Request Form'!$N$34="",0,COUNTIF(B34,"*"&'Change Request Form'!$N$34&"*")) -> 0
... A44: 5582228 | B44: BOX McNUGGET 10 PCE | C44: =IF('Change Request Form'!$N$34="",0,COUNTIF(B44,"*"&'Change Request Form'!$N$34&"*")) -> 0
A45: 5582248 | B45: BOX McNUGGET 10 PCE SPICY | C45: =IF('Change Request Form'!$N$34="",0,COUNTIF(B45,"*"&'Change Request Form'!$N$34&"*")) -> 0 | D45: 1
A46: 10638021 | B46: BOX McNUGGET 20 PCE | C46: =IF('Change Request Form'!$N$34="",0,COUNTIF(B46,"*"&'Change Request Form'!$N$34&"*")) -> 0
A47: 5582249 | B47: BOX McNUGGET 20 PCE | C47: =IF('Change Request Form'!$N$34="",0,COUNTIF(B47,"*"&'Change Request Form'!$N$34&"*")) -> 0
A48: 289568 | B48: BOX McNUGGET 20 PCE SPICY | C48: =IF('Change Request Form'!$N$34="",0,COUNTIF(B48,"*"&'Change Request Form'!$N$34&"*")) -> 0 | D48: 1
A49: 10638023 | B49: BOX McNUGGET 24 PCE | C49: =IF('Change Request Form'!$N$34="",0,COUNTIF(B49,"*"&'Change Request Form'!$N$34&"*")) -> 0 | D49: 1
A50: 10638026 | B50: BOX McNUGGET 24 PCE | C50: =IF('Change Request Form'!$N$34="",0,COUNTIF(B50,"*"&'Change Request Form'!$N$34&"*")) -> 0 | D50: 1
A51: 166496 | B51: BOX PIE APPLE | C51: =IF('Change Request Form'!$N$34="",0,COUNTIF(B51,"*"&'Change Request Form'!$N$34&"*")) -> 0 | D51: 1
A52: 7153124 | B52: BOX PIE GENERIC | C52: =IF('Change Request Form'!$N$34="",0,COUNTIF(B52,"*"&'Change Request Form'!$N$34&"*")) -> 0
A53: 15283004 | B53: BOX SALAD LARGE | C53: =IF('Change Request Form'!$N$34="",0,COUNTIF(B53,"*"&'Change Request Form'!$N$34&"*")) -> 0 | D53: 1
A54: 15282000 | B54: BOX SALAD SMALL | C54: =IF('Change Request Form'!$N$34="",0,COUNTIF(B54,"*"&'Change Request Form'!$N$34&"*")) -> 0 | D54: 1
A55: 5749031 | B55: BREAD S/D SLICE ARTISAN | C55: =IF('Change Request Form'!$N$34="",0,COUNTIF(B55,"*"&'Change Request Form'!$N$34&"*")) -> 0
A56: 5749032 | B56: BREAD S/D SLICE ARTISAN | C56: =IF('Change Request Form'!$N$34="",0,COUNTIF(B56,"*"&'Change Request Form'!$N$34&"*")) -> 0
A57: 2687 | B57: BUN 4 INCH | C57: =IF('Change Request Form'!$N$34="",0,COUNTIF(B57,"*"&'Change Request Form'!$N$34&"*")) -> 0
A58: 2688 | B58: BUN 4 INCH | C58: =IF('Change Request Form'!$N$34="",0,COUNTIF(B58,"*"&'Change Request Form'!$N$34&"*")) -> 0
A59: 3550 | B59: BUN BIG MAC | C59: =IF('Change Request Form'!$N$34="",0,COUNTIF(B59,"*"&'Change Request Form'!$N$34&"*")) -> 0
A60: 3552 | B60: BUN BIG MAC | C60: =IF('Change Request Form'!$N$34="",0,COUNTIF(B60,"*"&'Change Request Form'!$N$34&"*")) -> 0
A61: 12060019 | B61: BUN GOURMET | C61: =IF('Change Request Form'!$N$34="",0,COUNTIF(B61,"*"&'Change Request Form'!$N$34&"*")) -> 0
A62: 12060018 | B62: BUN GOURMET | C62: =IF('Change Request Form'!$N$34="",0,COUNTIF(B62,"*"&'Change Request Form'!$N$34&"*")) -> 0
A63: 17581002 | B63: BUN MCCRISPY | C63: =IF('Change Request Form'!$N$34="",0,COUNTIF(B63,"*"&'Change Request Form'!$N$34&"*")) -> 0
A64: 17581001 | B64: BUN MCCRISPY | C64: =IF('Change Request Form'!$N$34="",0,COUNTIF(B64,"*"&'Change Request Form'!$N$34&"*")) -> 0
A65: 2793109 | B65: BUN MCRIB | C65: =IF('Change Request Form'!$N$34="",0,COUNTIF(B65,"*"&'Change Request Form'!$N$34&"*")) -> 0
A66: 2793113 | B66: BUN MCRIB | C66: =IF('Change Request Form'!$N$34="",0,COUNTIF(B66,"*"&'Change Request Form'!$N$34&"*")) -> 0
... A71: 6755102 | B71: CAF AUSTRALIANO CHAI | C71: =IF('Change Request Form'!$N$34="",0,COUNTIF(B71,"*"&'Change Request Form'!$N$34&"*")) -> 0
A72: 2937128 | B72: CAF BAG PASTRY | C72: =IF('Change Request Form'!$N$34="",0,COUNTIF(B72,"*"&'Change Request Form'!$N$34&"*")) -> 1 | D72: 1
A73: 35105 | B73: CAF BUTTER PORTIONS | C73: =IF('Change Request Form'!$N$34="",0,COUNTIF(B73,"*"&'Change Request Form'!$N$34&"*")) -> 0
A74: 35016 | B74: CAF BUTTER PORTIONS | C74: =IF('Change Request Form'!$N$34="",0,COUNTIF(B74,"*"&'Change Request Form'!$N$34&"*")) -> 0
A75: 1219101 | B75: CAF COFFEE DECAFFINATED | C75: =IF('Change Request Form'!$N$34="",0,COUNTIF(B75,"*"&'Change Request Form'!$N$34&"*")) -> 0 | D75: 1
A76: 111503 | B76: CAF CUP 12OZ STANDARD | C76: =IF('Change Request Form'!$N$34="",0,COUNTIF(B76,"*"&'Change Request Form'!$N$34&"*")) -> 0
A77: 111515 | B77: CAF CUP 12OZ STANDARD | C77: =IF('Change Request Form'!$N$34="",0,COUNTIF(B77,"*"&'Change Request Form'!$N$34&"*")) -> 0
A78: 111707 | B78: CAF CUP 12OZ STANDARD | C78: =IF('Change Request Form'!$N$34="",0,COUNTIF(B78,"*"&'Change Request Form'!$N$34&"*")) -> 0
A79: 111512 | B79: CAF CUP 12OZ STANDARD | C79: =IF('Change Request Form'!$N$34="",0,COUNTIF(B79,"*"&'Change Request Form'!$N$34&"*")) -> 0
A80: 2991176 | B80: CAF CUP 16OZ TALL | C80: =IF('Change Request Form'!$N$34="",0,COUNTIF(B80,"*"&'Change Request Form'!$N$34&"*")) -> 0
A81: 2991145 | B81: CAF CUP 16OZ TALL | C81: =IF('Change Request Form'!$N$34="",0,COUNTIF(B81,"*"&'Change Request Form'!$N$34&"*")) -> 0
A82: 2991164 | B82: CAF CUP 16OZ TALL | C82: =IF('Change Request Form'!$N$34="",0,COUNTIF(B82,"*"&'Change Request Form'!$N$34&"*")) -> 0
A83: 2991143 | B83: CAF CUP 16OZ TALL | C83: =IF('Change Request Form'!$N$34="",0,COUNTIF(B83,"*"&'Change Request Form'!$N$34&"*")) -> 0
A84: 5664156 | B84: CAF CUP 4OZ DWHC | C84: =IF('Change Request Form'!$N$34="",0,COUNTIF(B84,"*"&'Change Request Form'!$N$34&"*")) -> 0 | D84: 1
A85: 5664131 | B85: CAF CUP 4OZ DWHC | C85: =IF('Change Request Form'!$N$34="",0,COUNTIF(B85,"*"&'Change Request Form'!$N$34&"*")) -> 0 | D85: 1
A86: 5664156 | B86: CAF CUP 4OZ PLA23 | C86: =IF('Change Request Form'!$N$34="",0,COUNTIF(B86,"*"&'Change Request Form'!$N$34&"*")) -> 0 | D86: 1
A87: 5664156 | B87: CAF CUP 4OZ PLA23 | C87: =IF('Change Request Form'!$N$34="",0,COUNTIF(B87,"*"&'Change Request Form'!$N$34&"*")) -> 0 | D87: 1
A88: 232527 | B88: CAF CUP 8OZ SMALL | C88: =IF('Change Request Form'!$N$34="",0,COUNTIF(B88,"*"&'Change Request Form'!$N$34&"*")) -> 0
A89: 232769 | B89: CAF CUP 8OZ SMALL | C89: =IF('Change Request Form'!$N$34="",0,COUNTIF(B89,"*"&'Change Request Form'!$N$34&"*")) -> 0
A90: 232521 | B90: CAF CUP 8OZ SMALL | C90: =IF('Change Request Form'!$N$34="",0,COUNTIF(B90,"*"&'Change Request Form'!$N$34&"*")) -> 0
A91: 4396108 | B91: CAF DBL CHOC MUFFIN | C91: =IF('Change Request Form'!$N$34="",0,COUNTIF(B91,"*"&'Change Request Form'!$N$34&"*")) -> 0
A92: 3772078 | B92: CAF DONUT CHOCOLATE | C92: =IF('Change Request Form'!$N$34="",0,COUNTIF(B92,"*"&'Change Request Form'!$N$34&"*")) -> 0
A93: 3601184 | B93: CAF HAM SLICES | C93: =IF('Change Request Form'!$N$34="",0,COUNTIF(B93,"*"&'Change Request Form'!$N$34&"*")) -> 0
A94: 3601182 | B94: CAF HAM SLICES | C94: =IF('Change Request Form'!$N$34="",0,COUNTIF(B94,"*"&'Change Request Form'!$N$34&"*")) -> 0
A95: 12487001 | B95: CAF HOT CROSS BUN CHOCOLATE | C95: =IF('Change Request Form'!$N$34="",0,COUNTIF(B95,"*"&'Change Request Form'!$N$34&"*")) -> 0
A96: 3214019 | B96: CAF HOT CROSS BUN FRUIT | C96: =IF('Change Request Form'!$N$34="",0,COUNTIF(B96,"*"&'Change Request Form'!$N$34&"*")) -> 0
A97: 8768010 | B97: CAF LID 4OZ | C97: =IF('Change Request Form'!$N$34="",0,COUNTIF(B97,"*"&'Change Request Form'!$N$34&"*")) -> 0 | D97: 1
A98: 8768006 | B98: CAF LID 4OZ | C98: =IF('Change Request Form'!$N$34="",0,COUNTIF(B98,"*"&'Change Request Form'!$N$34&"*")) -> 0 | D98: 1
A99: 7070043 | B99: CAF LID DOMED SMALL FRAPPE | C99: =IF('Change Request Form'!$N$34="",0,COUNTIF(B99,"*"&'Change Request Form'!$N$34&"*")) -> 0 | D99: 1
A100: 7070036 | B100: CAF LID DOMED SMALL FRAPPE | C100: =IF('Change Request Form'!$N$34="",0,COUNTIF(B100,"*"&'Change Request Form'!$N$34&"*")) -> 0 | D100: 1
A101: 116239 | B101: CAF LID DOMED SMALL FRAPPE | C101: =IF('Change Request Form'!$N$34="",0,COUNTIF(B101,"*"&'Change Request Form'!$N$34&"*")) -> 0 | D101: 1
A102: 863113 | B102: CAF LOAF BANA BLUEBERRY | C102: =IF('Change Request Form'!$N$34="",0,COUNTIF(B102,"*"&'Change Request Form'!$N$34&"*")) -> 0
A103: 8530019 | B103: CAF LOAF BANANA | C103: =IF('Change Request Form'!$N$34="",0,COUNTIF(B103,"*"&'Change Request Form'!$N$34&"*")) -> 0
A104: 10386006 | B104: CAF MACARON SALTED CARAMEL | C104: =IF('Change Request Form'!$N$34="",0,COUNTIF(B104,"*"&'Change Request Form'!$N$34&"*")) -> 0
A105: 6780037 | B105: CAF MACARONS CHOCOLATE | C105: =IF('Change Request Form'!$N$34="",0,COUNTIF(B105,"*"&'Change Request Form'!$N$34&"*")) -> 0
A106: 15427000 | B106: CAF MARSHMALLOWS | C106: =IF('Change Request Form'!$N$34="",0,COUNTIF(B106,"*"&'Change Request Form'!$N$34&"*")) -> 0 | D106: 1
A107: 4335064 | B107: CAF POWDER DRINKING CHOCOLATE | C107: =IF('Change Request Form'!$N$34="",0,COUNTIF(B107,"*"&'Change Request Form'!$N$34&"*")) -> 0
A108: 8895003 | B108: CAF POWDER VANILLA CHAI | C108: =IF('Change Request Form'!$N$34="",0,COUNTIF(B108,"*"&'Change Request Form'!$N$34&"*")) -> 0
A109: 13522005 | B109: CAF STOPPER COFFEE | C109: =IF('Change Request Form'!$N$34="",0,COUNTIF(B109,"*"&'Change Request Form'!$N$34&"*")) -> 0
A110: 7422106 | B110: CAF SYRUP CARAMEL | C110: =IF('Change Request Form'!$N$34="",0,COUNTIF(B110,"*"&'Change Request Form'!$N$34&"*")) -> 0
A111: 2342038 | B111: CAF SYRUP CREME BRULEE | C111: =IF('Change Request Form'!$N$34="",0,COUNTIF(B111,"*"&'Change Request Form'!$N$34&"*")) -> 0
A112: 7422108 | B112: CAF SYRUP HAZELNUT | C112: =IF('Change Request Form'!$N$34="",0,COUNTIF(B112,"*"&'Change Request Form'!$N$34&"*")) -> 0
A113: 5792019 | B113: CAF SYRUP SUGAR | C113: =IF('Change Request Form'!$N$34="",0,COUNTIF(B113,"*"&'Change Request Form'!$N$34&"*")) -> 0
...
